mutation,nuc_seq,count,7aa
A570D,CGCGACATCGACGACACCACC,1,RDIDDTT
A570D,AGGGATATTGATGACACAACT,1,RDIDDTT
A570D,AGAGACATTGATGACACTACT,8,RDIDDTT
A570D,CGCGACATCGACGACACCACG,1,RDIDDTT
A570D,AGAGATATCGACGACACCACA,1,RDIDDTT
A570D,CGCGACATCGACGACACGACG,1,RDIDDTT
A570D,AGGGATATCGACGACACAACA,3,RDIDDTT
A67V,TGGTTCCATGTTATTCATGTT,1,WFHVIHV
A67V,TGGTTCCATGTCATCCATGTG,1,WFHVIHV
A701V,TCCTTGGGTGTGGAAAATTCA,1,SLGVENS
A701V,TCCTTGGGGGTGGAGAATTCC,1,SLGVENS
A701V,TCGCTCGGTGTGGAAAATTCA,1,SLGVENS
A701V,TCTCTTGGCGTTGAAAATTCA,1,SLGVENS
A701V,AGTCTGGGTGTAGAAAACAGT,1,SLGVENS
A701V,TCCCTCGGCGTGGAGAACAGC,1,SLGVENS
A701V,TCTCTAGGTGTAGAAAATTCT,1,SLGVENS
A701V,TCACTGGGTGTCGAAAATTCA,1,SLGVENS
A701V,TCTCTTGGTGTTGAGAACAGT,1,SLGVENS
A701V,TCTCTGGGCGTCGAAAATTCG,1,SLGVENS
D1118H,ATCACTACACATAATACTTTT,1,ITTHNTF
D1118H,ATTACTACACACAACACCTTC,1,ITTHNTF
D138Y,TTTTGTAATTACCCTTTTCTA,1,FCNYPFL
D138Y,TTTTGTAATTATCCTTTCCTA,1,FCNYPFL
D215G,TTAGTGCGGGGCTTGCCCCAA,1,LVRGLPQ
D215G,CTTGTGCGGGGCCTGCCTCAG,1,LVRGLPQ
D215G,CTTGTTCGAGGACTGCCGCAG,2,LVRGLPQ
D215G,CTTGTTAGAGGATTACCCCAA,7,LVRGLPQ
D215G,CTTGTGAGAGGATTACCTCAA,1,LVRGLPQ
D215G,CTCGTACGGGGACTGCCACAA,1,LVRGLPQ
D215G,CTTGTAAGAGGATTACCTCAA,1,LVRGLPQ
D215G,CTCGTGCGCGGACTGCCGCAG,1,LVRGLPQ
D215G,TTAGTAAGAGGCTTACCACAA,2,LVRGLPQ
D215G,CTTGTCCGTGGTCTTCCCCAA,1,LVRGLPQ
D215G,TTGGTCCGTGGACTGCCACAA,1,LVRGLPQ
D215G,TTGGTCCGTGGACTGCCGCAA,1,LVRGLPQ
D215G,CTTGTTCGAGGTCTTCCTCAG,1,LVRGLPQ
D215G,TTGGTTAGAGGACTTCCGCAG,1,LVRGLPQ
D215G,CTTGTTCGAGGCTTGCCGCAG,1,LVRGLPQ
D215G,CTAGTCCGCGGACTCCCTCAG,1,LVRGLPQ
D215G,TTAGTACGGGGTCTTCCACAG,2,LVRGLPQ
D215G,CTGGTCCGCGGCCTGCCCCAG,1,LVRGLPQ
D215G,CTAGTCCGAGGACTTCCTCAG,1,LVRGLPQ
D405N,ATCCGCGGCAACGAGGTCCGT,1,IRGNEVR
D405N,ATTAGAGGCAATGAAGTAAGA,1,IRGNEVR
D405N,ATCCGCGGAAATGAGGTCCGC,1,IRGNEVR
D405N,ATCCGCGGCAACGAGGTGCGG,1,IRGNEVR
D405N,ATTCGAGGAAACGAAGTGCGA,1,IRGNEVR
D405N,ATTCGAGGAAATGAAGTGCGA,1,IRGNEVR
D405N,ATCCGCGGCAATGAAGTCCGG,1,IRGNEVR
D405N,ATCCGTGGAAACGAGGTTCGC,1,IRGNEVR
D405N,ATCCGGGGCAATGAAGTGCGA,1,IRGNEVR
D405N,ATCCGAGGGAATGAGGTCCGC,1,IRGNEVR
D405N,ATTAGAGGAAATGAAGTTCGG,1,IRGNEVR
D614G,TTATATCAAGGTGTCAACTGT,1,LYQGVNC
D796Y,CCCATAAAGTACTTTGGGGGG,1,PIKYFGG
D80A,AAAAGGTTCGCCAATCCGGTG,1,KRFANPV
E484A,AACGGCGTCGCCGGATTCAAC,1,NGVAGFN
E484A,AACGGCGTGGCCGGCTTCAAC,1,NGVAGFN
E484A,AATGGTGTAGCTGGATTTAAT,1,NGVAGFN
E484A,AATGGAGTCGCAGGATTTAAC,1,NGVAGFN
E484A,AACGGAGTTGCAGGCTTCAAT,1,NGVAGFN
E484A,AACGGCGTGGCCGGTTTCAAT,1,NGVAGFN
E484K,AATGGTGTAAAAGGGTTCAAT,1,NGVKGFN
E484K,AACGGGGTTAAGGGGTTCAAC,1,NGVKGFN
E484K,AATGGTGTGAAAGGCTTCAAT,1,NGVKGFN
E484K,AATGGAGTTAAAGGCTTTAAT,1,NGVKGFN
F486V,GTGGAGGGCGTCAACTGCTAT,1,VEGVNCY
F486V,GTAGAAGGGGTCAATTGCTAT,1,VEGVNCY
F486V,GTAGAAGGAGTAAATTGTTAT,1,VEGVNCY
F486V,GTCGAAGGCGTCAATTGCTAC,1,VEGVNCY
F486V,GTGGAGGGTGTGAACTGCTAC,3,VEGVNCY
F486V,GTAGAGGGTGTAAACTGCTAC,1,VEGVNCY
F486V,GTCGAGGGTGTAAATTGTTAT,1,VEGVNCY
F486V,GTTGAAGGTGTTAATTGTTAC,2,VEGVNCY
F486V,GTTGAAGGAGTGAACTGTTAC,2,VEGVNCY
F486V,GTTGAAGGGGTAAATTGTTAT,1,VEGVNCY
F486V,GTTGAAGGAGTGAACTGCTAC,2,VEGVNCY
F486V,GTGGAAGGTGTCAATTGTTAT,1,VEGVNCY
F486V,GTAGAGGGAGTAAACTGTTAT,1,VEGVNCY
F486V,GTGGAGGGTGTAAATTGCTAT,2,VEGVNCY
F486V,GTTGAAGGGGTCAACTGCTAT,1,VEGVNCY
G142D,CCGTTCCTGGACGTCTACTAT,1,PFLDVYY
G339D,TGTCCTTTCGACGAAGTCTTC,1,CPFDEVF
G446S,AGTAAAGTTTCAGGAAATTAT,1,SKVSGNY
G446S,TCGAAAGTTTCCGGAAATTAC,1,SKVSGNY
G446S,AGTAAGGTAAGCGGAAATTAT,1,SKVSGNY
G446S,TCAAAAGTCAGTGGAAATTAC,1,SKVSGNY
G446S,TCAAAAGTTTCAGGAAATTAT,1,SKVSGNY
G446S,AGTAAAGTTTCCGGTAATTAC,1,SKVSGNY
G446S,AGTAAAGTGTCTGGAAATTAT,1,SKVSGNY
G496S,,1,QSYSFQP
G496S,CAATCATATTCTTTTCAGCCT,1,QSYSFQP
G496S,CAGAGTTATAGTTTTCAACCT,1,QSYSFQP
G496S,CAAAGCTACTCTTTTCAACCA,1,QSYSFQP
G496S,CAGAGCTACTCCTTCCAGCCT,1,QSYSFQP
G496S,CAGAGTTATTCCTTCCAGCCG,1,QSYSFQP
G496S,CAGTCCTACAGCTTCCAGCCA,2,QSYSFQP
G496S,CAATCCTATTCATTCCAACCC,1,QSYSFQP
G496S,CAAAGCTATTCCTTCCAACCA,1,QSYSFQP
G496S,CAGTCCTACAGCTTCCAACCT,1,QSYSFQP
G496S,CAAAGTTATAGTTTTCAGCCT,1,QSYSFQP
G496S,CAGAGCTACAGCTTCCAGCCG,2,QSYSFQP
G496S,CAAAGTTACTCTTTTCAACCA,1,QSYSFQP
G496S,CAGTCCTATTCCTTCCAGCCG,1,QSYSFQP
G496S,CAGTCCTACTCGTTTCAGCCG,1,QSYSFQP
G496S,CAATCCTATAGCTTTCAACCG,1,QSYSFQP
G496S,CAGAGCTACAGCTTCCAGCCC,1,QSYSFQP
G496S,CAGTCCTACAGCTTCCAGCCG,1,QSYSFQP
G496S,CAATCCTACAGCTTCCAGCCC,1,QSYSFQP
G496S,CAAAGTTACTCATTTCAGCCA,1,QSYSFQP
G496S,CAGTCCTATAGCTTCCAGCCG,1,QSYSFQP
G496S,CAAAGCTACAGTTTCCAGCCA,2,QSYSFQP
H655Y,GGTGCTGAGTATGTCAACAAC,1,GAEYVNN
K417N,CAAACAGGAAATATTGCAGAC,1,QTGNIAD
K417N,CAAACTGGTAATATTGCAGAT,3,QTGNIAD
K417N,CAGACGGGAAACATTGCTGAT,3,QTGNIAD
K417N,CAGACAGGCAACATTGCGGAC,1,QTGNIAD
K417N,CAGACCGGTAACATAGCCGAT,1,QTGNIAD
K417N,CAGACGGGAAACATTGCCGAT,4,QTGNIAD
K417N,CAGACTGGAAATATTGCCGAT,2,QTGNIAD
K417N,CAAACAGGAAATATTGCTGAT,1,QTGNIAD
K417T,CAGACTGGTACAATTGCTGAT,1,QTGTIAD
K417T,CAGACGGGCACTATTGCAGAT,2,QTGTIAD
K417T,CAAACAGGCACCATCGCGGAT,1,QTGTIAD
L452R,TATAACTACAGGTATCGGCTG,1,YNYRYRL
L452R,TATAACTATCGTTATCGTTTA,1,YNYRYRL
L981F,AACGATATATTTAGTCGATTA,1,NDIFSRL
L981F,AATGACATCTTCTCGCGCCTC,1,NDIFSRL
L981F,AATGACATTTTCTCAAGGTTG,1,NDIFSRL
L981F,AACGACATTTTCAGTAGGTTA,2,NDIFSRL
L981F,AATGATATATTCAGCAGATTA,1,NDIFSRL
N440K,AATTCAAACAAGTTAGACTCA,17,NSNKLDS
N440K,AATAGTAACAAATTAGACAGT,6,NSNKLDS
N440K,AACAGCAACAAATTAGACAGT,2,NSNKLDS
N440K,AACAGCAACAAATTAGACAGC,9,NSNKLDS
N440K,AATAGTAATAAATTGGATTCT,1,NSNKLDS
N440K,AATAGTAATAAATTAGACTCA,1,NSNKLDS
N440K,AACTCGAATAAGTTGGATTCG,1,NSNKLDS
N440K,AACAGTAATAAGTTGGATTCT,2,NSNKLDS
N440K,AATTCCAATAAACTCGATTCT,1,NSNKLDS
N440K,AATTCCAACAAATTAGATAGC,1,NSNKLDS
N440K,AATAGTAATAAGTTAGATAGT,2,NSNKLDS
N440K,AATAGCAACAAACTGGACTCC,1,NSNKLDS
N440K,AATTCAAACAAATTGGATTCA,4,NSNKLDS
N440K,AATTCCAACAAATTAGATTCT,2,NSNKLDS
N440K,AATAGCAATAAGCTTGATTCA,2,NSNKLDS
N501Y,CAACCCACCTATGGTGTGGGT,2,QPTYGVG
N501Y,CAACCGACCTACGGAGTGGGT,1,QPTYGVG
N501Y,CAACCCACCTATGGTGTAGGT,1,QPTYGVG
N501Y,CAACCAACCTACGGAGTAGGT,1,QPTYGVG
N679K,ACGCAGACCAAGTCTCCGCGA,1,TQTKSPR
N679K,ACTCAGACGAAATCCCCGCGA,2,TQTKSPR
N679K,ACGCAAACAAAGTCGCCGCGA,3,TQTKSPR
N679K,ACACAAACAAAGAGTCCACGT,2,TQTKSPR
N679K,ACACAAACAAAGTCGCCGCGA,1,TQTKSPR
N679K,ACACAGACAAAGTCACCAAGA,1,TQTKSPR
N679K,ACACAAACAAAAAGTCCGCGT,1,TQTKSPR
N679K,ACGCAGACAAAGTCTCCTCGG,1,TQTKSPR
N679K,ACGCAAACGAAATCTCCTCGT,1,TQTKSPR
N764K,ACGCAGCTTAAGCGAGCGCTT,1,TQLKRAL
N764K,ACGCAACTGAAGCGCGCGCTG,1,TQLKRAL
N764K,ACCCAGCTCAAGCGCGCGCTG,1,TQLKRAL
N764K,ACACAGCTGAAACGAGCACTG,1,TQLKRAL
N764K,ACACAATTAAAGCGTGCATTG,1,TQLKRAL
N764K,ACTCAGCTAAAAAGAGCCTTG,2,TQLKRAL
N764K,ACACAATTAAAAAGGGCGCTC,1,TQLKRAL
N764K,ACTCAACTTAAAAGGGCTCTA,1,TQLKRAL
N764K,ACCCAGTTGAAACGGGCTTTG,5,TQLKRAL
N764K,ACGCAACTCAAACGAGCCCTC,1,TQLKRAL
N764K,ACACAGCTAAAGCGCGCATTG,2,TQLKRAL
N764K,ACACAGTTGAAGCGTGCGCTG,1,TQLKRAL
N764K,ACGCAACTGAAGCGGGCGTTG,1,TQLKRAL
N764K,ACTCAACTGAAACGAGCTCTC,1,TQLKRAL
N764K,ACACAGCTGAAGAGAGCTCTC,1,TQLKRAL
N856K,CAGAAGTTCAAAGGCCTGACC,1,QKFKGLT
N856K,CAGAAATTCAAAGGTCTGACG,1,QKFKGLT
N856K,CAGAAATTCAAAGGGCTAACC,1,QKFKGLT
N969K,CTTTCGTCCAAGTTCGGGGCG,1,LSSKFGA
N969K,CTTTCGTCCAAGTTCGGTGCT,1,LSSKFGA
N969K,CTCAGTAGTAAGTTTGGGGCA,1,LSSKFGA
N969K,CTTTCGTCCAAGTTTGGAGCT,1,LSSKFGA
N969K,CTATCTTCGAAATTCGGAGCT,1,LSSKFGA
N969K,CTGTCATCTAAGTTTGGAGCC,1,LSSKFGA
N969K,TTGTCTTCAAAATTTGGTGCA,1,LSSKFGA
N969K,CTTTCCTCAAAATTCGGGGCC,1,LSSKFGA
N969K,TTGTCCTCAAAGTTTGGGGCC,2,LSSKFGA
N969K,CTTTCGTCAAAATTTGGCGCT,1,LSSKFGA
P26S,CAGCTGCCCAGCGCCTACACC,1,QLPSAYT
P26S,CAATTACCATCCGCTTACACG,1,QLPSAYT
P26S,CAGTTGCCCAGTGCCTATACA,1,QLPSAYT
P26S,CAGCTTCCGTCAGCGTATACC,1,QLPSAYT
P26S,CAGCTGCCCAGCGCATACACC,1,QLPSAYT
P26S,CAGTTGCCTTCTGCATACACT,2,QLPSAYT
P681H,ACAAATTCGCACCGCAGAGCC,1,TNSHRRA
P681H,ACCAATAGCCATCGAAGGGCT,1,TNSHRRA
P681R,ACCAACAGCAGAAGGAGAGCC,1,TNSRRRA
P681R,ACCAACTCCCGCCGACGTGCC,4,TNSRRRA
P681R,ACAAATAGCAGAAGGAGGGCA,1,TNSRRRA
P681R,ACTAATTCGCGACGGCGTGCT,1,TNSRRRA
P681R,ACGAACAGTCGTCGTCGTGCT,2,TNSRRRA
P681R,ACCAATTCGAGGCGCCGGGCC,1,TNSRRRA
P681R,ACTAACTCTCGCCGGCGCGCC,1,TNSRRRA
P681R,ACGAATAGTCGGAGGCGAGCA,1,TNSRRRA
P681R,ACCAACTCGCGCCGTCGGGCC,1,TNSRRRA
P681R,ACTAACAGTCGGCGCCGCGCA,8,TNSRRRA
P681R,ACTAACTCTCGCCGGCGGGCC,1,TNSRRRA
P681R,ACGAACAGCCGCAGGAGGGCG,2,TNSRRRA
P681R,ACGAACAGTCGTCGCCGTGCT,5,TNSRRRA
P681R,ACCAACTCTCGTCGGCGGGCC,1,TNSRRRA
P681R,ACGAACTCAAGGCGACGTGCA,1,TNSRRRA
P681R,ACAAATTCAAGGCGAAGAGCA,1,TNSRRRA
P681R,ACCAACAGCCGACGTCGTGCC,1,TNSRRRA
P681R,ACCAACTCCAGACGTAGAGCG,2,TNSRRRA
P681R,ACCAACAGTCGCCGTCGGGCC,2,TNSRRRA
Q493R,TTTCCCCTTCGCTCATATGGA,1,FPLRSYG
Q493R,TTTCCTCTCCGGTCTTATGGA,15,FPLRSYG
Q493R,TTTCCTCTCCGGTCTTATGGG,2,FPLRSYG
Q493R,TTTCCCCTCCGGTCTTATGGG,4,FPLRSYG
Q493R,TTTCCCCTCAGGTCTTATGGG,11,FPLRSYG
Q493R,TTTCCTCTCAGGTCTTATGGA,1,FPLRSYG
Q493R,TTTCCCCTCCGATCTTACGGG,1,FPLRSYG
Q498R,TACGGATTTCGTCCTACTAAT,1,YGFRPTN
Q498R,TACGGCTTTAGACCGACAAAT,1,YGFRPTN
Q498R,TATGGATTTAGACCAACCAAT,2,YGFRPTN
Q498R,TATGGTTTTAGACCGACCAAT,1,YGFRPTN
Q498R,TACGGCTTCCGTCCGACTAAT,1,YGFRPTN
Q498R,TACGGCTTCCGGCCGACCAAC,1,YGFRPTN
Q498R,TATGGATTCCGTCCAACCAAC,1,YGFRPTN
Q498R,TACGGATTTAGGCCCACTAAT,1,YGFRPTN
Q498R,TACGGATTTCGCCCTACTAAT,1,YGFRPTN
Q498R,TACGGTTTTCGACCGACAAAT,1,YGFRPTN
Q498R,TATGGATTTAGACCTACTAAT,1,YGFRPTN
Q498R,TACGGTTTCAGACCGACGAAT,1,YGFRPTN
Q498R,TATGGCTTCCGGCCCACCAAT,1,YGFRPTN
Q498R,TACGGCTTCAGGCCAACCAAT,1,YGFRPTN
Q498R,TATGGATTTAGACCAACAAAT,1,YGFRPTN
Q498R,TATGGATTTCGGCCCACCAAT,1,YGFRPTN
Q498R,TACGGCTTCAGGCCCACAAAT,2,YGFRPTN
Q498R,TACGGCTTTAGGCCTACCAAT,1,YGFRPTN
Q498R,TATGGCTTCCGGCCCACCAAC,1,YGFRPTN
Q498R,TACGGCTTCAGGCCCACCAAT,1,YGFRPTN
Q498R,TACGGTTTTCGACCTACAAAT,1,YGFRPTN
Q498R,TACGGTTTTAGACCCACTAAT,1,YGFRPTN
Q498R,TACGGCTTCAGGCCGACGAAC,1,YGFRPTN
Q498R,TATGGTTTTAGGCCTACTAAT,1,YGFRPTN
Q498R,TATGGATTTAGACCTACCAAT,1,YGFRPTN
Q498R,TACGGCTTCCGGCCCACGAAC,1,YGFRPTN
Q498R,TACGGCTTCAGACCCACGAAT,1,YGFRPTN
Q498R,TATGGCTTTAGGCCAACAAAT,1,YGFRPTN
Q498R,TATGGGTTCAGGCCGACAAAC,1,YGFRPTN
Q498R,TATGGTTTTAGACCAACTAAT,1,YGFRPTN
Q498R,TACGGCTTCAGACCGACGAAT,1,YGFRPTN
Q498R,TACGGCTTCCGCCCCACCAAC,1,YGFRPTN
Q498R,TACGGATTCCGCCCGACAAAC,2,YGFRPTN
Q498R,TACGGCTTCCGCCCGACAAAC,1,YGFRPTN
Q498R,TACGGATTTCGTCCGACTAAT,1,YGFRPTN
Q498R,TACGGCTTCAGACCGACAAAC,1,YGFRPTN
Q498R,TACGGTTTCCGGCCGACGAAC,1,YGFRPTN
Q498R,TACGGCTTCCGACCCACCAAC,1,YGFRPTN
Q498R,TACGGTTTCCGCCCTACTAAT,1,YGFRPTN
Q498R,TACGGATTCAGGCCAACAAAC,1,YGFRPTN
Q954H,GTAGTGAACCACAATGCTCAG,1,VVNHNAQ
Q954H,GTAGTAAATCATAATGCACAA,1,VVNHNAQ
R190S,AAGAATCTTTCGGAATTCGTT,5,KNLSEFV
R190S,AAGAATTTATCTGAGTTTGTC,2,KNLSEFV
R190S,AAGAATCTATCTGAATTTGTA,1,KNLSEFV
R190S,AAAAACTTAAGTGAATTTGTT,1,KNLSEFV
R190S,AAAAATCTTTCGGAATTTGTT,1,KNLSEFV
R190S,AAAAATCTGAGTGAGTTTGTT,1,KNLSEFV
R190S,AAAAATTTATCTGAATTTGTT,1,KNLSEFV
R190S,AAGAACTTAAGCGAGTTTGTG,1,KNLSEFV
R190S,AAGAATCTTTCCGAATTTGTT,42,KNLSEFV
R190S,AAAAACCTGTCGGAGTTTGTC,1,KNLSEFV
R190S,AAAAACTTGTCCGAGTTCGTC,9,KNLSEFV
R190S,AAGAATCTGAGTGAATTTGTT,10,KNLSEFV
R190S,AAAAATCTTTCAGAATTTGTT,1,KNLSEFV
R190S,AAGAATCTATCGGAGTTCGTT,2,KNLSEFV
R190S,AAGAATTTGAGTGAATTTGTA,1,KNLSEFV
R190S,AAGAACCTCTCGGAGTTCGTT,1,KNLSEFV
R190S,AAGAACCTATCAGAGTTCGTG,1,KNLSEFV
R190S,AAAAACCTGTCAGAGTTTGTC,1,KNLSEFV
R190S,AAGAACTTGTCCGAATTCGTC,1,KNLSEFV
R190S,AAAAATCTCAGTGAGTTTGTT,1,KNLSEFV
R190S,AAGAACTTGTCCGAGTTTGTC,1,KNLSEFV
R408S,GATGAAGTCTCGCAGATAGCG,1,DEVSQIA
R408S,GACGAAGTGTCACAAATTGCG,1,DEVSQIA
R408S,GACGAGGTTTCCCAGATTGCC,1,DEVSQIA
R408S,GATGAAGTTTCGCAAATTGCG,1,DEVSQIA
R408S,GATGAAGTGTCGCAGATTGCA,1,DEVSQIA
R408S,GACGAAGTGAGCCAAATTGCC,1,DEVSQIA
R408S,GACGAGGTGTCTCAGATCGCT,1,DEVSQIA
R408S,GATGAAGTCAGTCAGATTGCC,1,DEVSQIA
R408S,GACGAGGTCAGCCAGATCGCC,1,DEVSQIA
R408S,GATGAAGTAAGTCAGATTGCC,14,DEVSQIA
R408S,GATGAAGTGAGTCAGATTGCA,6,DEVSQIA
R408S,GATGAAGTTTCACAAATTGCT,1,DEVSQIA
R408S,GATGAAGTAAGCCAGATTGCG,1,DEVSQIA
R408S,GATGAAGTCAGTCAAATTGCC,4,DEVSQIA
S371F,CTGTACAACTTTGCCAGCTTT,1,LYNFASF
S371F,TTATACAATTTTGCATCATTT,1,LYNFASF
S371F,TTATACAATTTTGCTTCATTT,1,LYNFASF
S371F,CTTTATAATTTCGCTAGCTTT,1,LYNFASF
S371F,CTCTACAACTTCGCCAGCTTT,2,LYNFASF
S371F,CTTTACAATTTTGCTTCATTT,4,LYNFASF
S371F,TTATATAACTTTGCCAGCTTC,1,LYNFASF
S371F,CTATACAACTTCGCCTCTTTT,2,LYNFASF
S371F,CTTTATAACTTTGCAAGCTTT,1,LYNFASF
S371F,CTCTATAACTTCGCCAGCTTC,1,LYNFASF
S371F,CTCTACAATTTCGCTTCTTTT,1,LYNFASF
S371F,CTGTACAACTTCGCCAGCTTC,1,LYNFASF
S371F,CTTTATAACTTTGCTTCATTT,1,LYNFASF
S371F,CTCTATAATTTTGCTTCATTC,1,LYNFASF
S371F,CTGTATAATTTTGCCAGTTTC,1,LYNFASF
S371F,CTCTACAATTTCGCGAGCTTT,1,LYNFASF
S371F,CTTTATAATTTTGCAAGCTTT,1,LYNFASF
S371F,TTGTATAACTTTGCCAGTTTT,1,LYNFASF
S371F,CTCTACAATTTCGCCAGCTTC,1,LYNFASF
S371F,TTGTATAATTTCGCTTCATTC,1,LYNFASF
S371F,CTTTACAATTTCGCCAGTTTT,2,LYNFASF
S371F,TTGTACAACTTTGCTAGCTTC,2,LYNFASF
S371F,CTCTATAATTTTGCTAGCTTC,2,LYNFASF
S371F,TTATACAACTTTGCGTCATTC,2,LYNFASF
S371F,CTTTACAATTTCGCCAGCTTT,1,LYNFASF
S371F,CTTTATAATTTTGCTTCTTTT,2,LYNFASF
S371F,CTGTATAATTTTGCCTCTTTT,1,LYNFASF
S371F,CTATATAATTTTGCTTCTTTC,1,LYNFASF
S371F,CTCTACAATTTTGCGAGTTTT,4,LYNFASF
S371F,TTATACAACTTTGCGTCTTTT,1,LYNFASF
S371F,TTGTACAACTTTGCTTCCTTT,1,LYNFASF
S371F,TTATACAACTTTGCTTCCTTC,1,LYNFASF
S371F,CTCTACAACTTCGCATCCTTT,4,LYNFASF
S371F,CTTTATAATTTCGCATCTTTC,1,LYNFASF
S371F,CTGTATAATTTTGCAAGTTTC,1,LYNFASF
S371F,TTGTACAACTTCGCATCATTT,2,LYNFASF
S371F,CTATACAACTTTGCGTCCTTT,1,LYNFASF
S371F,TTGTACAATTTTGCATCTTTT,1,LYNFASF
S371F,CTGTATAATTTTGCTTCCTTC,1,LYNFASF
S371F,TTATACAATTTCGCGAGCTTT,1,LYNFASF
S371P,CTCTACAACCCTGCCAGCTTC,1,LYNPASF
S371P,TTATACAATCCTGCAAGTTTC,1,LYNPASF
S371P,CTTTATAATCCTGCATCTTTT,1,LYNPASF
S371P,CTTTATAACCCAGCCAGCTTC,2,LYNPASF
S371P,CTTTACAATCCCGCATCTTTT,1,LYNPASF
S371P,CTTTACAATCCCGCCTCTTTC,2,LYNPASF
S371P,CTGTATAATCCCGCGAGTTTC,1,LYNPASF
S371P,TTATATAACCCAGCATCATTT,1,LYNPASF
S371P,CTCTACAATCCTGCCAGTTTC,1,LYNPASF
S371P,TTATATAATCCAGCATCATTT,1,LYNPASF
S371P,CTCTACAACCCGGCGTCCTTT,1,LYNPASF
S371P,TTGTACAACCCCGCTTCGTTT,1,LYNPASF
S371P,TTATACAATCCCGCATCATTC,1,LYNPASF
S371P,CTTTATAATCCGGCTTCTTTT,2,LYNPASF
S371P,TTATATAACCCAGCCTCTTTC,3,LYNPASF
S371P,TTGTATAACCCCGCCAGTTTC,1,LYNPASF
S371P,TTATACAATCCCGCTTCCTTC,2,LYNPASF
S371P,CTTTATAATCCTGCTTCATTC,1,LYNPASF
S371P,TTATACAACCCGGCATCTTTT,1,LYNPASF
S371P,CTATATAATCCTGCATCGTTT,1,LYNPASF
S371P,TTATATAATCCTGCTTCTTTT,2,LYNPASF
S371P,CTCTATAATCCCGCCTCATTC,1,LYNPASF
S371P,CTCTACAACCCCGCCTCCTTT,1,LYNPASF
S371P,TTGTATAACCCTGCCAGTTTC,4,LYNPASF
S371P,TTATACAACCCCGCATCCTTC,1,LYNPASF
S371P,CTGTACAACCCCGCAAGCTTC,1,LYNPASF
S371P,TTATATAACCCTGCTTCATTT,1,LYNPASF
S371P,CTCTACAACCCGGCGTCGTTT,1,LYNPASF
S371P,CTATATAACCCCGCATCCTTT,1,LYNPASF
S371P,CTTTACAATCCAGCCTCCTTT,1,LYNPASF
S371P,TTGTACAACCCGGCGAGCTTC,1,LYNPASF
S371P,TTGTATAATCCAGCATCCTTC,1,LYNPASF
S371P,CTATATAACCCGGCCTCCTTT,1,LYNPASF
S371P,CTCTACAACCCGGCGTCGTTC,1,LYNPASF
S371P,CTGTACAACCCTGCCTCTTTC,2,LYNPASF
S371P,CTCTACAATCCCGCCTCGTTC,1,LYNPASF
S371P,CTTTATAATCCGGCCTCGTTC,3,LYNPASF
S371P,CTCTACAACCCCGCGAGTTTC,1,LYNPASF
S371P,TTATATAACCCTGCATCATTT,1,LYNPASF
S373P,AACTCCGCGCCGTTTTCCACC,1,NSAPFST
S373P,AATTCCGCTCCCTTTTCCACG,1,NSAPFST
S373P,AATTCAGCTCCTTTTAGTACA,5,NSAPFST
S373P,AACTCCGCTCCGTTCTCGACG,1,NSAPFST
S373P,AACTCGGCACCGTTCAGCACG,1,NSAPFST
S373P,AACTCTGCGCCGTTTTCAACT,1,NSAPFST
S373P,AACAGCGCACCCTTCTCAACT,2,NSAPFST
S373P,AACTCCGCTCCATTTTCAACC,1,NSAPFST
S373P,AATAGTGCCCCTTTTTCTACG,2,NSAPFST
S373P,AACAGCGCGCCCTTCTCGACG,2,NSAPFST
S373P,AACAGCGCCCCGTTCTCTACA,1,NSAPFST
S373P,AATTCAGCGCCTTTTTCAACC,1,NSAPFST
S373P,AACTCGGCGCCTTTTAGCACA,1,NSAPFST
S373P,AACTCTGCACCATTCTCCACA,1,NSAPFST
S373P,AACAGTGCGCCCTTTTCCACG,1,NSAPFST
S373P,AATTCAGCTCCTTTCAGCACT,1,NSAPFST
S373P,AACAGCGCGCCATTCAGTACA,3,NSAPFST
S373P,AACTCCGCTCCTTTTTCTACT,1,NSAPFST
S373P,AACTCAGCGCCCTTTTCGACC,2,NSAPFST
S373P,AACTCTGCTCCTTTCAGCACA,2,NSAPFST
S373P,AATTCTGCTCCTTTCTCTACT,1,NSAPFST
S373P,AACAGTGCACCCTTTTCTACC,4,NSAPFST
S373P,AACTCGGCTCCATTTTCCACC,7,NSAPFST
S373P,AACTCTGCACCCTTTTCCACC,1,NSAPFST
S373P,AACTCCGCTCCTTTTTCTACC,1,NSAPFST
S373P,AACTCTGCTCCATTTTCAACT,1,NSAPFST
S373P,AATAGTGCGCCATTCTCGACC,1,NSAPFST
S373P,AACTCCGCGCCCTTCTCCACC,3,NSAPFST
S373P,AATTCAGCACCATTCAGCACA,1,NSAPFST
S373P,AATTCCGCGCCATTCAGTACA,1,NSAPFST
S373P,AACTCAGCTCCTTTCTCCACA,1,NSAPFST
S373P,AATTCTGCTCCATTCAGCACC,1,NSAPFST
S373P,AATAGTGCACCATTTTCTACT,2,NSAPFST
S373P,AATTCCGCTCCTTTTTCTACC,1,NSAPFST
S373P,AATAGCGCCCCATTCAGCACT,1,NSAPFST
S373P,AACTCAGCACCTTTCAGCACA,1,NSAPFST
S373P,AACTCTGCGCCGTTCAGCACC,1,NSAPFST
S373P,AACAGCGCCCCCTTTTCCACT,2,NSAPFST
S373P,AATTCAGCACCGTTCTCGACC,1,NSAPFST
S373P,AATTCCGCTCCTTTCTCCACT,2,NSAPFST
S373P,AATTCCGCTCCTTTTTCAACT,1,NSAPFST
S373P,AATTCCGCTCCATTTTCCACA,2,NSAPFST
S373P,AATTCTGCCCCGTTCTCGACC,1,NSAPFST
S373P,AACTCAGCTCCTTTCAGTACT,1,NSAPFST
S373P,AATTCTGCACCTTTCAGCACC,1,NSAPFST
S373P,AATAGTGCGCCCTTCTCGACG,1,NSAPFST
S373P,AATTCAGCACCGTTTTCAACT,1,NSAPFST
S373P,AATTCTGCCCCATTTTCGACA,1,NSAPFST
S373P,AATTCCGCGCCATTTAGCACT,1,NSAPFST
S373P,AACTCAGCTCCGTTCTCCACG,1,NSAPFST
S373P,AACTCGGCGCCCTTCTCGACC,1,NSAPFST
S373P,AACTCGGCGCCGTTCAGTACG,1,NSAPFST
S373P,AACAGCGCTCCTTTTAGCACT,1,NSAPFST
S373P,AATTCTGCACCATTTTCAACA,1,NSAPFST
S373P,AACAGCGCCCCTTTCTCGACC,1,NSAPFST
S373P,AACTCGGCCCCGTTCTCGACC,1,NSAPFST
S373P,AATAGTGCACCTTTCAGTACT,1,NSAPFST
S373P,AACAGTGCCCCGTTCAGCACC,8,NSAPFST
S373P,AATTCGGCTCCGTTCTCAACG,1,NSAPFST
S373P,AACTCGGCTCCGTTTTCAACT,1,NSAPFST
S373P,AACTCGGCGCCCTTCTCCACC,2,NSAPFST
S373P,AATTCGGCCCCATTCTCAACT,1,NSAPFST
S375F,GCATCGTTCTTCACTTTCAAA,1,ASFFTFK
S375F,GCCAGTTTTTTCACGTTCAAA,1,ASFFTFK
S375F,GCATCTTTCTTCACATTTAAA,2,ASFFTFK
S375F,GCTTCGTTCTTCACGTTCAAG,1,ASFFTFK
S375F,GCCTCTTTCTTCACTTTCAAA,1,ASFFTFK
S375F,GCCTCATTCTTCACATTCAAA,1,ASFFTFK
S375F,GCGTCTTTCTTCACATTCAAA,1,ASFFTFK
S375F,GCTTCTTTCTTTACATTCAAG,1,ASFFTFK
S375F,GCTTCATTTTTTACATTTAAA,1,ASFFTFK
S375F,GCCTCATTTTTTACCTTCAAA,2,ASFFTFK
S375F,GCCTCCTTTTTTACATTTAAA,1,ASFFTFK
S375F,GCCAGTTTCTTCACATTCAAG,1,ASFFTFK
S375F,GCATCTTTCTTTACGTTCAAG,1,ASFFTFK
S375F,GCGAGCTTTTTTACTTTCAAA,1,ASFFTFK
S375F,GCTTCTTTTTTTACTTTTAAA,1,ASFFTFK
S375F,GCTTCCTTCTTCACATTCAAG,2,ASFFTFK
S375F,GCTTCTTTCTTCACTTTCAAG,1,ASFFTFK
S375F,GCTTCCTTTTTTACCTTTAAA,1,ASFFTFK
S375F,GCTTCGTTCTTCACATTCAAA,2,ASFFTFK
S375F,GCGTCATTCTTTACATTCAAG,1,ASFFTFK
S375F,GCCTCTTTCTTCACCTTTAAA,2,ASFFTFK
S375F,GCTTCTTTTTTTACGTTTAAA,1,ASFFTFK
S375F,GCTTCTTTCTTTACTTTTAAA,1,ASFFTFK
S375F,GCTAGTTTTTTCACGTTCAAG,1,ASFFTFK
S375F,GCAAGTTTTTTTACTTTCAAA,1,ASFFTFK
S375F,GCCTCCTTCTTCACATTTAAG,1,ASFFTFK
S375F,GCATCGTTCTTCACGTTCAAA,1,ASFFTFK
S375F,GCGAGTTTTTTTACATTCAAA,1,ASFFTFK
S375F,GCCAGTTTCTTTACCTTCAAG,6,ASFFTFK
S375F,GCCTCCTTTTTTACTTTCAAA,2,ASFFTFK
S375F,GCTTCTTTTTTCACGTTTAAA,1,ASFFTFK
S375F,GCATCCTTCTTCACTTTTAAA,1,ASFFTFK
S982A,GACATCCTTGCTAGGCTCGAT,3,DILARLD
S982A,GACATCCTTGCCCGGCTCGAC,1,DILARLD
S982A,GACATTTTAGCCCGTCTTGAC,1,DILARLD
S982A,GACATCCTCGCCCGCCTCGAT,1,DILARLD
S982A,GACATCCTTGCAAGGCTTGAC,2,DILARLD
S982A,GATATACTGGCTAGGCTTGAC,1,DILARLD
S982A,GACATCCTTGCTAGGCTTGAC,16,DILARLD
S982A,GACATCCTGGCTCGCCTCGAC,1,DILARLD
S982A,GACATCCTCGCAAGGCTTGAC,1,DILARLD
S982A,GACATCCTTGCGAGGCTTGAC,1,DILARLD
S982A,GACATCCTGGCCCGGCTCGAC,1,DILARLD
S982A,GATATCCTGGCCCGACTGGAT,1,DILARLD
S982A,GACATCCTTGCTAGGCTGGAC,1,DILARLD
S982A,GACATCCTTGCGCGTCTGGAT,1,DILARLD
S982A,GACATCCTTGCCAGGCTTGAC,3,DILARLD
S982A,GACATCCTCGCCCGGCTCGAC,2,DILARLD
S982A,GACATCCTCGCTCGTCTCGAC,2,DILARLD
S982A,GATATATTAGCCAGGCTTGAT,1,DILARLD
S982A,GACATCCTCGCCCGTCTGGAC,1,DILARLD
S982A,GACATCCTGGCGCGTCTGGAC,2,DILARLD
S982A,GACATTCTTGCCAGATTGGAT,1,DILARLD
S982A,GATATCTTGGCGCGGCTGGAC,1,DILARLD
S982A,GATATTTTAGCTCGACTTGAT,3,DILARLD
S982A,GACATCCTCGCGCGGCTCGAC,1,DILARLD
S982A,GACATCCTGGCCCGGCTGGAC,1,DILARLD
S982A,GATATTCTCGCACGTCTTGAC,1,DILARLD
S982A,GATATTTTAGCTCGACTTGAC,1,DILARLD
S982A,GACATTCTCGCCCGGCTCGAC,1,DILARLD
S982A,GACATCCTCGCGAGGCTTGAC,2,DILARLD
S982A,GATATCCTGGCCCGACTGGAC,1,DILARLD
S982A,GATATTCTGGCTCGTCTCGAC,1,DILARLD
S982A,GACATTCTTGCGCGACTCGAC,1,DILARLD
S982A,GATATTCTTGCGCGTTTGGAT,1,DILARLD
T1027I,TTGGCTGCAATCAAAATGTCG,2,LAAIKMS
T1027I,CTAGCCGCCATCAAGATGTCA,1,LAAIKMS
T1027I,CTTGCCGCGATCAAGATGAGT,1,LAAIKMS
T1027I,CTGGCTGCAATCAAGATGAGC,1,LAAIKMS
T1027I,TTGGCGGCAATCAAAATGAGC,1,LAAIKMS
T19I,GTAAATTTAATAACAAGAACA,1,VNLITRT
T19I,GTAAATCTCATCACACGCACT,1,VNLITRT
T19R,GTGAATCTGCGCACGCGGACC,1,VNLRTRT
T19R,GTCAATTTGCGCACCCGCACC,1,VNLRTRT
T19R,GTGAATTTGCGCACGCGCACG,1,VNLRTRT
T19R,GTGAATCTGCGGACGCGCACC,1,VNLRTRT
T19R,GTGAACCTGCGCACGCGCACC,4,VNLRTRT
T19R,GTGAACCTGCGCACGCGGACG,1,VNLRTRT
T19R,GTCAATCTGCGTACCCGTACG,6,VNLRTRT
T19R,GTAAACCTCAGGACCCGAACC,1,VNLRTRT
T19R,GTCAACCTGCGCACGCGAACG,1,VNLRTRT
T19R,GTCAATCTGCGCACCCGCACC,2,VNLRTRT
T19R,GTCAATCTGCGCACGCGCACC,1,VNLRTRT
T19R,GTGAACCTGCGCACCCGCACC,1,VNLRTRT
T19R,GTGAACCTGCGCACGCGCACG,2,VNLRTRT
T19R,GTCAACCTGCGCACCCGCACC,1,VNLRTRT
T19R,GTCAATCTTCGCACGCGCACG,1,VNLRTRT
T19R,GTCAATTTGCGTACGCGCACC,1,VNLRTRT
T19R,GTGAACCTCAGGACCCGGACC,1,VNLRTRT
T19R,GTGAACCTGCGCACCCGTACC,1,VNLRTRT
T19R,GTTAATTTGCGTACGCGAACA,1,VNLRTRT
T19R,GTCAATCTCAGGACGCGCACC,1,VNLRTRT
T19R,GTGAACCTGCGCACGCGGACC,1,VNLRTRT
T19R,GTCAACCTGCGCACGCGCACC,1,VNLRTRT
T19R,GTCAATCTCAGAACGCGCACC,1,VNLRTRT
T19R,GTCAATCTTCGCACTCGCACT,1,VNLRTRT
T19R,GTGAATCTGCGCACCCGCACC,1,VNLRTRT
T19R,GTCAACCTTAGGACCCGAACT,1,VNLRTRT
T19R,GTCAATCTGCGTACCCGCACG,19,VNLRTRT
T20N,AATTTAACTAACCGGACCCAA,1,NLTNRTQ
T20N,AACTTGACCAATCGAACTCAG,1,NLTNRTQ
T20N,AACCTCACAAACCGCACCCAG,1,NLTNRTQ
T20N,AATCTGACTAACAGGACGCAG,1,NLTNRTQ
T20N,AACCTTACCAATCGCACTCAG,1,NLTNRTQ
T20N,AATCTGACCAACCGCACGCAG,1,NLTNRTQ
T20N,AATCTCACNAACAGGACNCAA,1,NLTNRTQ
T20N,AATCTGACGAATCGTACGCAA,1,NLTNRTQ
T20N,AATCTTACTAACAGGACTCAA,1,NLTNRTQ
T20N,AATCTGACGAATCGCACCCAG,618,NLTNRTQ
T20N,AATCTTACAAACCGCACTCAG,1,NLTNRTQ
T20N,AACCTCACCAACCGGACGCAA,1,NLTNRTQ
T20N,AACCTTACCAATCGAACTCAA,1,NLTNRTQ
T20N,AACCTCACGAACCGGACTCAG,2,NLTNRTQ
T20N,AACCTCACAAACCGAACACAG,1,NLTNRTQ
T20N,AACTTGACCAACCGGACACAG,1,NLTNRTQ
T20N,AACTTGACCAATCGTACTCAA,1,NLTNRTQ
T20N,AATCTTACAAACCGCACACAA,1,NLTNRTQ
T20N,AACCTGACCAACCGAACCCAG,2,NLTNRTQ
T20N,AACCTGACCAACAGAACGCAA,2,NLTNRTQ
T20N,AATCTTACCAACCGAACGCAG,1,NLTNRTQ
T20N,AATTTAACTAATAGAACGCAA,1,NLTNRTQ
T20N,AACCTGACGAACCGCACGCAG,1,NLTNRTQ
T20N,AACTTAACCAACCGTACCCAG,12,NLTNRTQ
T20N,AATTTGACTAATCGTACTCAA,1,NLTNRTQ
T20N,AATCTGACGAACCGGACCCAG,1,NLTNRTQ
T20N,AACCTGACCAACCGTACACAG,1,NLTNRTQ
T20N,AACCTGACTAATAGGACTCAA,1,NLTNRTQ
T20N,AACTTAACCAATAGAACGCAA,1,NLTNRTQ
T20N,AATTTGACCAATAGGACTCAA,1,NLTNRTQ
T20N,AACTTGACCAATCGAACCCAA,1,NLTNRTQ
T20N,AATTTGACTAACAGAACTCAA,1,NLTNRTQ
T20N,AATTTAACAAATAGAACTCAA,2,NLTNRTQ
T20N,AACTTGACGAATCGCACTCAA,1,NLTNRTQ
T20N,AACCTGACCAATCGCACCCAG,28,NLTNRTQ
T20N,AACCTGACCAACCGCACCCAG,1,NLTNRTQ
T20N,AATCTCACCAACAGGACCCAA,1,NLTNRTQ
T376A,TCATTTAGTGCATTCAAGTGT,1,SFSAFKC
T376A,TCATTCTCTGCATTCAAGTGC,2,SFSAFKC
T376A,TCATTTTCTGCCTTTAAATGC,4,SFSAFKC
T376A,AGCTTTTCCGCCTTCAAGTGC,1,SFSAFKC
T376A,TCTTTCTCAGCGTTTAAATGT,1,SFSAFKC
T376A,TCTTTTTCTGCATTTAAATGC,1,SFSAFKC
T376A,TCATTTTCAGCCTTTAAATGT,3,SFSAFKC
T376A,TCGTTCTCTGCGTTCAAGTGT,1,SFSAFKC
T376A,TCATTTTCAGCTTTTAAATGC,1,SFSAFKC
T376A,TCTTTCTCCGCTTTCAAATGC,1,SFSAFKC
T376A,TCTTTCTCCGCCTTCAAATGT,2,SFSAFKC
T376A,AGCTTCTCCGCGTTCAAGTGT,1,SFSAFKC
T376A,TCATTTTCAGCCTTTAAATGC,3,SFSAFKC
T376A,TCGTTCTCCGCGTTCAAATGT,1,SFSAFKC
T376A,AGTTTCAGCGCTTTCAAATGC,1,SFSAFKC
T376A,TCATTCAGCGCCTTCAAGTGT,1,SFSAFKC
T376A,TCCTTCTCGGCGTTCAAGTGT,1,SFSAFKC
T376A,TCGTTCTCGGCGTTCAAGTGT,4,SFSAFKC
T376A,TCCTTCTCGGCCTTCAAATGC,1,SFSAFKC
T376A,TCCTTCAGTGCGTTCAAGTGT,1,SFSAFKC
T376A,AGCTTCAGCGCCTTCAAATGT,2,SFSAFKC
T376A,TCTTTCTCAGCTTTCAAGTGC,3,SFSAFKC
T376A,TCGTTCTCCGCGTTCAAGTGT,1,SFSAFKC
T478K,GCTGGATCAAAACCATGTAAT,7,AGSKPCN
T478K,GCTGGAAGCAAACCCTGCAAC,4,AGSKPCN
T547K,AATGGATTAAAAGGAACGGGT,1,NGLKGTG
T547K,AATGGCCTCAAGGGAACTGGA,1,NGLKGTG
T547K,AATGGTTTAAAAGGCACAGGA,1,NGLKGTG
T547K,AACGGACTTAAAGGTACCGGC,1,NGLKGTG
T547K,AACGGTCTTAAAGGAACCGGT,1,NGLKGTG
T547K,AATGGACTCAAGGGAACCGGT,1,NGLKGTG
T547K,AATGGGCTCAAAGGAACTGGT,1,NGLKGTG
T95I,TTTGCTTCTATTGAGAAGTCT,1,FASIEKS
T95I,TTCGCTTCAATTGAAAAATCA,3,FASIEKS
T95I,TTCGCATCTATTGAAAAGTCC,1,FASIEKS
V1176F,AACGCATCATTCGTTAATATT,1,NASFVNI
V1176F,AATGCTTCATTTGTCAACATC,1,NASFVNI
V1176F,AACGCCTCCTTTGTGAACATT,1,NASFVNI
V1176F,AATGCATCCTTTGTGAACATC,2,NASFVNI
V1176F,AATGCCAGTTTTGTGAATATT,1,NASFVNI
V213G,ATTAACTTGGGTCGAGATTTA,1,INLGRDL
V213G,ATCAATCTCGGACGCGACTTG,1,INLGRDL
V213G,ATCAATTTGGGCCGTGACCTT,2,INLGRDL
V213G,ATAAACTTAGGAAGAGATCTT,6,INLGRDL
V213G,ATTAATTTAGGCCGTGATTTA,2,INLGRDL
V213G,ATCAATCTGGGTCGCGACTTG,4,INLGRDL
V213G,ATTAACTTGGGTAGAGATCTA,1,INLGRDL
V213G,ATAAATTTAGGAAGAGATCTT,3,INLGRDL
V213G,ATCAATTTGGGCAGAGATCTG,1,INLGRDL
V213G,ATCAATTTGGGCCGTGACCTC,1,INLGRDL
V213G,ATAAACTTGGGTAGAGATCTT,1,INLGRDL
V213G,ATTAATCTAGGAAGAGATTTA,1,INLGRDL
V213G,ATTAACCTTGGTAGGGATCTA,1,INLGRDL
V213G,ATCAACCTCGGCCGGGATCTG,1,INLGRDL
